eAir MD Modbus register list;2026-01-27;;;;;;;;
Conforming to MD software versions 1.14 and later.;;;;;;;;;
;;;;;;;;;
Protocol: Modbus RTU, RS485;;;;;;;;;
Serial line default parameters: 19200 bps, 8 N 1;;;;;;;;;
Serial line speed is configurable to 9600, 19200 or 115200 bps;;;;;;;;;
Serial line parity is configurable to None or Even parity;;;;;;;;;
;;;;;;;;;
Registers marked “reserved” must not be altered!;;;;;;;;;
 ;;;;;;;;;
MODBUS HOLDING REGISTERS;;;;;;;;;
Address;Symbol;Type;Multiplier;Bounds (raw value);Name;Description;Title (en translation);Help text (en translation);Notes
hreg 0;Reserved;;;;;;;;
Registers 1 to 49 are measurements and status information (read only);;;;;;;;;
hreg 1;HREG_T_OP1;int16;10;;Room temperature sensor TE20;Temperature at operator panel 1;;Temperature at operator panel 1;
hreg 2;HREG_T_OP2;int16;10;;Room temperature sensor TE21;Temperature at operator panel 2;;Temperature at operator panel 2;
hreg 3;HREG_EFFECTIVE_TF;uint16;1;;Current supply fan speed;The current effective TF fanspeed;Fan speed, supply air;Current supply air fan speed;
hreg 4;HREG_EFFECTIVE_PF;uint16;1;;Current exhaust fan speed;The current effective PF fanspeed;Fan speed, extract air;Current extract air fan speed;
hreg 5;HREG_UPCOMING_TIME_PROGRAM;uint16;1;;Next time program;Indicates the time program which will start during the next two hours.;;;Values 1-20 indicate week program slots, value 101-105 indicate year program slots
hreg 6;HREG_T_FRS;int16;10;;Fresh air;TE01 (fresh air) temperature.;Fresh air;Outside air temperature at the unit (sensor TE01);
hreg 7;HREG_T_SPLY_LTO;int16;10;;Supply air after HRC;TE05: Fresh (incoming) air temperature after HRC.;Supply air after HRC;Supply air temperature after heat recovery (sensor TE05);
hreg 8;HREG_T_SPLY;int16;10;;Supply air;TE10 Room supply air temperature;Supply air;Supply air temperature after supply air heater (sensor TE10);
hreg 9;HREG_T_WST;int16;10;;Waste air;TE32 Waste air temperature;Exhaust air;Exhaust air temperature (sensor TE32);
hreg 10;HREG_T_EXT;int16;10;;Room removed air;TE30 Room removed air temperature.;Extract air temperature;Extract air temperature from building at the unit (sensor TE30);
hreg 11;HREG_T_EXT_LTO;int16;10;;Removed air before HRC;TE31 removed air before heat recycler.;Extract air before HRC;Extract air temperature after extract air coil before heat recovery in HP units (sensor TE31);
hreg 12;HREG_T_WR;int16;10;;Return water;TE45 heater element return water temperature.;Return water;Return water temperature in supply air heater (sensor TE45);
hreg 13;HREG_HUM_EXT;uint16;1;;Exhaust air humidity;RH30 measurement, removed air relative humidity;Air humidity;Extract air relative humidity \%RH at the unit (sensor RH30);
hreg 14;HREG_PRES_SPLYF;uint16;1;;Pressure difference supply;Pressure difference over filter, TF side;Pressure difference supply;Pressure difference over filter, TF side;
hreg 15;HREG_PRES_EXTF;uint16;1;;Pressure difference ext;Pressure difference over filter, PF side;Pressure difference ext.;Pressure difference over filter, PF side;
hreg 16;HREG_TE07;int16;10;;HP/MDX/Dehum supply air;Supply air temperature after dehumidification coil, or after heat pump coil in HP-E, HP-W, MDX-E and MDX-W units (sensor TE07);;;
hreg 17;HREG_AI1;uint16;10;;Analog input voltage;Raw conversion result for AI1;Measured input voltage;Current measured input voltage;
hreg 18;HREG_AI2;uint16;10;;Analog input voltage;Raw conversion result for AI2;Measured input voltage;Current measured input voltage;
hreg 19;HREG_AI3;uint16;10;;Analog input voltage;Raw conversion result for AI3;Measured input voltage;Current measured input voltage;
hreg 20;HREG_AI4;uint16;10;;Analog input voltage;Raw conversion result for AI4;Measured input voltage;Current measured input voltage;
hreg 21;HREG_AI5;uint16;10;;Analog input voltage;Raw conversion result for AI5;Measured input voltage;Current measured input voltage;
hreg 22;HREG_AI6;uint16;10;;Analog input voltage;Raw conversion result for AI6;Measured input voltage;Current measured input voltage;
hreg 23;HREG_AI1_RES;uint16;1;;Calculated value;Calculated result for AI1;Calculated value;Calculated result;
hreg 24;HREG_AI2_RES;uint16;1;;Calculated value;Calculated result for AI2;Calculated value;Calculated result;
hreg 25;HREG_AI3_RES;uint16;1;;Calculated value;Calculated result for AI3;Calculated value;Calculated result;
hreg 26;HREG_AI4_RES;uint16;1;;Calculated value;Calculated result for AI4;Calculated value;Calculated result;
hreg 27;HREG_AI5_RES;uint16;1;;Calculated value;Calculated result for AI5;Calculated value;Calculated result;
hreg 28;HREG_AI6_RES;uint16;1;;Calculated value;Calculated result for AI6;Calculated value;Calculated result;
hreg 29;HREG_LTO_N_SPLY;uint16;1;;Heat recovery efficiency n supply;HRC efficiency ratio (supply side);Heat recovery efficiency, supply air;Supply air temperature efficiency. Calculated from outside air-, supply air after heat recovery- and extract air temperature;
hreg 30;HREG_LTO_N_EXT;uint16;1;;Heat recovery efficiency n exhaust;HRC efficiency ratio (ext (removed air) side);Heat recovery efficiency, exhaust air;Extract air temperature efficiency. Calculated from extract air-, exhaust air- and outside air temperature. In HP-units calculated from HRC extract air-, exhaust air- and outside air temperature;
hreg 31;HREG_NTC_X6;int16;10;;Input X6;Optional NTC-10 input X6 measurement;;;
hreg 32;HREG_NTC_X7;int16;10;;Input X7;Optional NTC-10 input X7 measurement;;;
hreg 33;HREG_ABS_HUM_CTRL_OUTPUT;int16;1;;Absolute humidity control output;-100...0% = dehumidifying, 0 = none, 0...100% = humidifying;;;
hreg 34;HREG_NWK_STATUS;bitfield;1;;Network status;Ethernet block status;;;"#define EMAC_STATUS_FAIL 0x0001 
#define EMAC_STATUS_OK  0x0002 
#define EMAC_STATUS_AUTONEG_COMPLETE 0x0004 
#define EMAC_STATUS_AUTONEG_FAIL    0x0008 
#define EMAC_STATUS_LINK_OK         0x0010  /* 0: no link, 1: link ok */ 
#define EMAC_STATUS_LINK_SPEED      0x0020  /* 0: 10 M, 1: 100M */ 
#define EMAC_STATUS_DUPLEX          0x0040  /* 0: half duplex, 1: full duplex */ 
#define EMAC_STATUS_INIT_ONGOING    0x0080   "
hreg 35;HREG_RH_MEAN;uint16;1;;48h air humidity average;Mean relative humidity, with 48 hour history, updated every hour.;Average air humidity, 48h;Extract air 48h mean relative humidity \%RH at the unit (sensor RH30). Updated every hour;
hreg 36;HREG_ABSHUM10;uint16;10;;Supply air absolute humidity;Supply air absolute humidity, calculated from sensors TE10 and RH10, assuming normal atmospheric pressure.;;;
hreg 37;HREG_SEC_RTC;uint16;1;;s;RTC seconds.;s;RTC seconds;
hreg 38;HREG_MIN_RTC;uint16;1;;min;RTC minutes.;min;RTC minutes;
hreg 39;HREG_HOUR_RTC;uint16;1;;h;RTC hours, 24 hour format.;h;RTC hours, 24 hour format;
hreg 40;HREG_DAY_RTC;uint16;1;;;RTC day-of-month;;RTC day of month;
hreg 41;HREG_MONTH_RTC;uint16;1;;;RTC month.;;RTC month;
hreg 42;HREG_YEAR_RTC;uint16;1;;;RTC year, exporessed in years since 2000.;;RTC year, expressed in years since 2000;
hreg 43;Reserved;;;;;;;;
hreg 44;HREG_MODE;bitfield;1;;Status;The current mode of the machine, used to display information to the user.;Status;All current states of unit, eg. Home, Central vacuum cleaner, HP/EDX defrost etc.;Bit 0 indicates Max cooling mode, bit 1: max heating. Bit 2: Machine is stopped due to A alarm. Bit 3 indicates the machine has been stopped by request (ie. not due to alarm condition). Bit 4: indicates Away state. Bit 5 is reserved. Bit 6 indicates temperature boosting, bit 7 CO2 boosting, bit 8 RH boosting, bit 9 manual boosting. Bit 10 overpressure mode, bit 11 cooker hood mode, bit 12 central vacuum cleaner mode. Bit 13 indicates cool-off period of electrical heating coil. Bit 14 indicates summer night cooling mode. Bit 15 indicates heat recovery wheel defrosting mode.  Value 0 indicates “normal” state, no special status is active. 
hreg 45;HREG_EXTMODE;bitfield;1;;Temperature control step;Currently active temperature control step: Cooling, Heat recovery (LTO), or heating.;Temperature controller;"Displays current state of temperature controller; cooling, heat recovery, heating or none.";Bits 0,1,2,3 have “enumerated” meaning:  TEMP_STEP_NONE = 0, TEMP_STEP_COOLING = 1, TEMP_STEP_LTO = 2, TEMP_STEP_HEATING = 4, TEMP_STEP_STARTUP = 7, TEMP_STEP_DEHUMIDIFICATION = 8. Bit 15 indicates Aqua mode, bit 14 indicates pre-heating active, bit 13 indicates that HP compressor effect is being limited, bit 12 indicates defrosting state of the HP or MDX unit
hreg 46;HREG_ROOM_TEMP;int16;10;;Room temperature average;TE20 room temperature, average value calculated from op panel sensors  and room temperature transmitters.;Room temperature average;Room temperature (average temperature of sensors connected to OP wallmounts and AI temperature measurements if connected);
hreg 47;HREG_CASCADE_SP;int16;10;;Setpoint for supply air;Setpoint for temperature controller responsible for maintaining the room supply air at a constant level;Setpoint for supply air;Setpoint for temperature controller responsible for maintaining the room supply air at a constant level;
hreg 48;HREG_DISPLAY_SP;int16;10;;;Temperature controller setpoint shown to user;;;
hreg 49;HREG_OUTPUT;int16;1;;Controller output;Output from the TC1 temperature PI controller;Temperature controller output;-200 to -100 additional cooling, -100...-1=cooling, 0=nothing, 1...100=heat recovery, 101...200=additional heating or heat pump, 201...300=additional heating in heat pump units;
hreg 50;Reserved;;;;;;;;
hreg 51;Reserved;;;;;;;;
hreg 52;Reserved;;;;;;;;
hreg 53;Reserved;;;;;;;;
hreg 54;Reserved;;;;;;;;
hreg 55;Reserved;;;;;;;;
hreg 56;Reserved;;;;;;;;
hreg 57;Reserved;;;;;;;;
hreg 58;Reserved;;;;;;;;
hreg 59;Reserved;;;;;;;;
hreg 60;Reserved;;;;;;;;
hreg 61;Reserved;;;;;;;;
hreg 62;Reserved;;;;;;;;
hreg 63;Reserved;;;;;;;;
hreg 64;Reserved;;;;;;;;
hreg 65;Reserved;;;;;;;;
hreg 66;Reserved;;;;;;;;
hreg 67;Reserved;;;;;;;;
hreg 68;Reserved;;;;;;;;
hreg 69;Reserved;;;;;;;;
hreg 70;Reserved;;;;;;;;
hreg 71;Reserved;;;;;;;;
hreg 72;Reserved;;;;;;;;
hreg 73;Reserved;;;;;;;;
hreg 74;Reserved;;;;;;;;
hreg 75;Reserved;;;;;;;;
hreg 76;Reserved;;;;;;;;
hreg 77;Reserved;;;;;;;;
hreg 78;Reserved;;;;;;;;
hreg 79;Reserved;;;;;;;;
hreg 80;Reserved;;;;;;;;
hreg 81;Reserved;;;;;;;;
hreg 82;Reserved;;;;;;;;
hreg 83;Reserved;;;;;;;;
hreg 84;Reserved;;;;;;;;
hreg 85;Reserved;;;;;;;;
hreg 86;Reserved;;;;;;;;
hreg 87;Reserved;;;;;;;;
hreg 88;Reserved;;;;;;;;
hreg 89;Reserved;;;;;;;;
hreg 90;Reserved;;;;;;;;
hreg 91;Reserved;;;;;;;;
hreg 92;Reserved;;;;;;;;
hreg 93;Reserved;;;;;;;;
hreg 94;Reserved;;;;;;;;
hreg 95;Reserved;;;;;;;;
hreg 96;Reserved;;;;;;;;
hreg 97;Reserved;;;;;;;;
hreg 98;Reserved;;;;;;;;
hreg 99;Reserved;;;;;;;;
hreg 100;Reserved;;;;;;;;
hreg 101;Reserved;;;;;;;;
hreg 102;Reserved;;;;;;;;
hreg 103;Reserved;;;;;;;;
hreg 104;HREG_AI1_TYPE;uint16;1;;Sensor type;Type of external sensor in AI1.;Sensor type;;
hreg 105;HREG_AI2_TYPE;uint16;1;;Sensor type;Type of external sensor in AI2.;Sensor type;;
hreg 106;HREG_AI3_TYPE;uint16;1;;Sensor type;Type of external sensor in AI3.;Sensor type;;
hreg 107;HREG_AI4_TYPE;uint16;1;;Sensor type;Type of external sensor in AI4.;Sensor type;;
hreg 108;HREG_AI5_TYPE;uint16;1;;Sensor type;Type of external sensor in AI5.;Sensor type;;
hreg 109;HREG_AI6_TYPE;uint16;1;;Sensor type;Type of external sensor in AI6.;Sensor type;;
hreg 110;HREG_AI1_VL;uint16;10;0 - 100;Voltage low;AI1 voltage low;Voltage low;Input signal lower limit;
hreg 111;HREG_AI2_VL;uint16;10;0 - 100;Voltage low;AI2 voltage low;Voltage low;Input signal lower limit;
hreg 112;HREG_AI3_VL;uint16;10;0 - 100;Voltage low;AI3 voltage low;Voltage low;Input signal lower limit;
hreg 113;HREG_AI4_VL;uint16;10;0 - 100;Voltage low;AI4 voltage low;Voltage low;Input signal lower limit;
hreg 114;HREG_AI5_VL;uint16;10;0 - 100;Voltage low;AI5 voltage low;Voltage low;Input signal lower limit;
hreg 115;HREG_AI6_VL;uint16;10;0 - 100;Voltage low;AI6 voltage low;Voltage low;Input signal lower limit;
hreg 116;HREG_AI1_VH;uint16;10;0 - 100;Voltage high;AI1 voltage high;Voltage high;Input signal upper limit;
hreg 117;HREG_AI2_VH;uint16;10;0 - 100;Voltage high;AI2 voltage high;Voltage high;Input signal upper limit;
hreg 118;HREG_AI3_VH;uint16;10;0 - 100;Voltage high;AI3 voltage high;Voltage high;Input signal upper limit;
hreg 119;HREG_AI4_VH;uint16;10;0 - 100;Voltage high;AI4 voltage high;Voltage high;Input signal upper limit;
hreg 120;HREG_AI5_VH;uint16;10;0 - 100;Voltage high;AI5 voltage high;Voltage high;Input signal upper limit;
hreg 121;HREG_AI6_VH;uint16;10;0 - 100;Voltage high;AI6 voltage high;Voltage high;Input signal upper limit;
hreg 122;HREG_AI1_RL;int16;1;;Result low;AI1 output value from voltage low;Voltage low, effect;Result of input signal equivalent to Voltage low value;
hreg 123;HREG_AI2_RL;int16;1;;Result low;AI2 output value from voltage low;Voltage low, effect;Result of input signal equivalent to Voltage low value;
hreg 124;HREG_AI3_RL;int16;1;;Result low;AI3 output value from voltage low;Voltage low, effect;Result of input signal equivalent to Voltage low value;
hreg 125;HREG_AI4_RL;int16;1;;Result low;AI4 output value from voltage low;Voltage low, effect;Result of input signal equivalent to Voltage low value;
hreg 126;HREG_AI5_RL;int16;1;;Result low;AI5 output value from voltage low;Voltage low, effect;Result of input signal equivalent to Voltage low value;
hreg 127;HREG_AI6_RL;int16;1;;Result low;AI6 output value from voltage low;Voltage low, effect;Result of input signal equivalent to Voltage low value;
hreg 128;HREG_AI1_RH;int16;1;;Result high;AI1 output value from voltage high;Voltage high, effect;Result of input signal equivalent to Voltage high value;
hreg 129;HREG_AI2_RH;int16;1;;Result high;AI2 output value from voltage high;Voltage high, effect;Result of input signal equivalent to Voltage high value;
hreg 130;HREG_AI3_RH;int16;1;;Result high;AI3 output value from voltage high;Voltage high, effect;Result of input signal equivalent to Voltage high value;
hreg 131;HREG_AI4_RH;int16;1;;Result high;AI4 output value from voltage high;Voltage high, effect;Result of input signal equivalent to Voltage high value;
hreg 132;HREG_AI5_RH;int16;1;;Result high;AI5 output value from voltage high;Voltage high, effect;Result of input signal equivalent to Voltage high value;
hreg 133;HREG_AI6_RH;int16;1;;Result high;AI6 output value from voltage high;Voltage high, effect;Result of input signal equivalent to Voltage high value;
hreg 134;HREG_TE01_24H_AVG;int16;10;;Average outside temperature;24-hour outside temperature average;;;
hreg 135;HREG_T_SETPOINT;int16;10;0 - 500;Supply air setpoint;The desired setpoint set by the user.;Supply air setpoint;Desired setpoint set by the user;
hreg 136;Reserved;;;;;;;;
hreg 137;HREG_TE01_SUMMER_WINTER_THRESHOLD;int16;10;-100 - 150;Summer/Winter threshold;Summer/Winter season 24-hour average outside temperature threshold value;Summer/winter threshold temperature;"Outside air 24h average temperature; in summer mode extract air 48h average humidity, in winter mode a fixed \%RH threshold";
hreg 138;Reserved;;;;;;;;
hreg 139;Reserved;;;;;;;;
hreg 140;Reserved;;;;;;;;
hreg 141;Reserved;;;;;;;;
hreg 142;Reserved;;;;;;;;
hreg 143;Reserved;;;;;;;;
hreg 144;Reserved;;;;;;;;
hreg 145;Reserved;;;;;;;;
hreg 146;Reserved;;;;;;;;
hreg 147;Reserved;;;;;;;;
hreg 148;Reserved;;;;;;;;
hreg 149;Reserved;;;;;;;;
hreg 150;Reserved;;;;;;;;
hreg 151;Reserved;;;;;;;;
hreg 152;Reserved;;;;;;;;
hreg 153;Reserved;;;;;;;;
hreg 154;Reserved;;;;;;;;
hreg 155;Reserved;;;;;;;;
hreg 156;Reserved;;;;;;;;
hreg 157;Reserved;;;;;;;;
hreg 158;Reserved;;;;;;;;
hreg 159;Reserved;;;;;;;;
hreg 160;Reserved;;;;;;;;
hreg 161;Reserved;;;;;;;;
hreg 162;Reserved;;;;;;;;
hreg 163;Reserved;;;;;;;;
hreg 164;Reserved;;;;;;;;
hreg 165;Reserved;;;;;;;;
hreg 166;Reserved;;;;;;;;
hreg 167;Reserved;;;;;;;;
hreg 168;Reserved;;;;;;;;
hreg 169;Reserved;;;;;;;;
hreg 170;Reserved;;;;;;;;
hreg 171;Reserved;;;;;;;;
hreg 172;HREG_TEMP_DECREASE_VAL;int16;10;0 - 150;Temperature decrease;The amount of degrees the temperature should be lowered then temperature decrease function is on.;Temperature decrease;Number of degrees, under which the temperature should be maintained when temperature decrease function is on;Low limit can be negative to enable temperature increase function.
hreg 173;Reserved;;;;;;;;
hreg 174;Reserved;;;;;;;;
hreg 175;Reserved;;;;;;;;
hreg 176;Reserved;;;;;;;;
hreg 177;Reserved;;;;;;;;
hreg 178;Reserved;;;;;;;;
hreg 179;Reserved;;;;;;;;
hreg 180;Reserved;;;;;;;;
hreg 181;Reserved;;;;;;;;
hreg 182;Reserved;;;;;;;;
hreg 183;Reserved;;;;;;;;
hreg 184;Reserved;;;;;;;;
hreg 185;Reserved;;;;;;;;
hreg 186;Reserved;;;;;;;;
hreg 187;Reserved;;;;;;;;
hreg 188;Reserved;;;;;;;;
hreg 189;Reserved;;;;;;;;
hreg 190;Reserved;;;;;;;;
hreg 191;Reserved;;;;;;;;
hreg 192;Reserved;;;;;;;;
hreg 193;Reserved;;;;;;;;
hreg 194;Reserved;;;;;;;;
hreg 195;Reserved;;;;;;;;
hreg 196;Reserved;;;;;;;;
hreg 197;Reserved;;;;;;;;
hreg 198;Reserved;;;;;;;;
hreg 199;Reserved;;;;;;;;
hreg 200;Reserved;;;;;;;;
hreg 201;Reserved;;;;;;;;
hreg 202;Reserved;;;;;;;;
hreg 203;Reserved;;;;;;;;
hreg 204;Reserved;;;;;;;;
hreg 205;Reserved;;;;;;;;
hreg 206;Reserved;;;;;;;;
hreg 207;Reserved;;;;;;;;
hreg 208;Reserved;;;;;;;;
hreg 209;Reserved;;;;;;;;
hreg 210;HREG_DAY_WC1;bitfield;1;;Week timer slot #1;Days when allowed. ;Days;;Bit 0: Sunday … Bit 6: Saturday
hreg 211;HREG_STA_HOUR_WC1;uint16;1;;;Start h;WC1 Start h;WC1 Start h;
hreg 212;HREG_STA_MIN_WC1;uint16;1;;;Start m;WC1 Start m;WC1 Start m;
hreg 213;HREG_STO_HOUR_WC1;uint16;1;;;Stop h;WC1 Stop h;WC1 Stop h;
hreg 214;HREG_STO_MIN_WC1;uint16;1;;;Stop m;WC1 Stop m;WC1 Stop m;
hreg 215;HREG_WC1;enumeration;1;;;Function;WC1 Function;WC1 Function;
hreg 216;HREG_DAY_WC2;bitfield;1;;Week timer slot #2;See description for register 210;Days;Days;"#define TIMER_PROGRAM_OFF 0 
#define TIMER_AWAY        1 
#define TIMER_AWAY_LONG   2 
#define TIMER_HEAT_DIS    3 
#define TIMER_COOL_DIS    4 
#define TIMER_TEMP_DECR   5 
#define TIMER_MAX_H       6 
#define TIMER_MAX_C       7 
#define TIMER_RELAY       16 
#define TIMER_BOOST       17 
/* Circulation air state change time program (Pallas) */ 
#define TIMER_CLOSED_CIRCULATION 18 
/* This time program function is relevant in OFFICE program variant (use  * method) and it means that the machine should be running (instead of  * being in STOP state). */ 
#define TIMER_RUNTIME     30 "
hreg 217;HREG_STA_HOUR_WC2;uint16;1;;;See description for register 211;WC1 Start h;WC1 Start h;
hreg 218;HREG_STA_MIN_WC2;uint16;1;;;See description for register 212;WC1 Start m;WC1 Start m;
hreg 219;HREG_STO_HOUR_WC2;uint16;1;;;See description for register 213;WC1 Stop h;WC1 Stop h;
hreg 220;HREG_STO_MIN_WC2;uint16;1;;;See description for register 214;WC1 Stop m;WC1 Stop m;
hreg 221;HREG_WC2;enumeration;1;;;See description for register 215;WC1 Function;WC1 Function;
hreg 222;HREG_DAY_WC3;bitfield;1;;Week timer slot #3;See description for register 210;Days;Days;
hreg 223;HREG_STA_HOUR_WC3;uint16;1;;;See description for register 211;WC1 Start h;WC1 Start h;
hreg 224;HREG_STA_MIN_WC3;uint16;1;;;See description for register 212;WC1 Start m;WC1 Start m;
hreg 225;HREG_STO_HOUR_WC3;uint16;1;;;See description for register 213;WC1 Stop h;;
hreg 226;HREG_STO_MIN_WC3;uint16;1;;;See description for register 214;WC1 Stop m;WC1 Stop m;
hreg 227;HREG_WC3;enumeration;1;;;See description for register 215;WC1 Function;WC1 Function;
hreg 228;HREG_DAY_WC4;bitfield;1;;Week timer slot #4;See description for register 210;Days;Days;
hreg 229;HREG_STA_HOUR_WC4;uint16;1;;;See description for register 211;WC1 Start h;WC1 Start h;
hreg 230;HREG_STA_MIN_WC4;uint16;1;;;See description for register 212;WC1 Start m;WC1 Start m;
hreg 231;HREG_STO_HOUR_WC4;uint16;1;;;See description for register 213;WC1 Stop h;WC1 Stop h;
hreg 232;HREG_STO_MIN_WC4;uint16;1;;;See description for register 214;WC1 Stop m;WC1 Stop m;
hreg 233;HREG_WC4;uint16;1;;;See description for register 215;;;
hreg 234;HREG_DAY_WC5;bitfield;1;;Week timer slot #5;See description for register 210;Days;Days;
hreg 235;HREG_STA_HOUR_WC5;uint16;1;;;See description for register 211;WC1 Start h;WC1 Start h;
hreg 236;HREG_STA_MIN_WC5;uint16;1;;;See description for register 212;WC1 Start m;WC1 Start m;
hreg 237;HREG_STO_HOUR_WC5;uint16;1;;;See description for register 213;WC1 Stop h;WC1 Stop h;
hreg 238;HREG_STO_MIN_WC5;uint16;1;;;See description for register 214;WC1 Stop m;WC1 Stop m;
hreg 239;HREG_WC5;uint16;1;;;See description for register 215;;;
hreg 240;HREG_DAY_WC6;bitfield;1;;Week timer slot #6;See description for register 210;Days;Days;
hreg 241;HREG_STA_HOUR_WC6;uint16;1;;;See description for register 211;WC1 Start h;WC1 Start h;
hreg 242;HREG_STA_MIN_WC6;uint16;1;;;See description for register 212;;;
hreg 243;HREG_STO_HOUR_WC6;uint16;1;;;See description for register 213;;;
hreg 244;HREG_STO_MIN_WC6;uint16;1;;;See description for register 214;;;
hreg 245;HREG_WC6;uint16;1;;;See description for register 215;;;
hreg 246;HREG_DAY_WC7;bitfield;1;;Week timer slot #7;See description for register 210;Days;Days;
hreg 247;HREG_STA_HOUR_WC7;uint16;1;;;See description for register 211;WC1 Start h;WC1 Start h;
hreg 248;HREG_STA_MIN_WC7;uint16;1;;;See description for register 212;;;
hreg 249;HREG_STO_HOUR_WC7;uint16;1;;;See description for register 213;;;
hreg 250;HREG_STO_MIN_WC7;uint16;1;;;See description for register 214;;;
hreg 251;HREG_WC7;uint16;1;undefined;;See description for register 215;;;
hreg 252;HREG_DAY_WC8;bitfield;1;;Week timer slot #8;See description for register 210;Days;Days;
hreg 253;HREG_STA_HOUR_WC8;uint16;1;;;See description for register 211;WC1 Start h;WC1 Start h;
hreg 254;HREG_STA_MIN_WC8;uint16;1;;;See description for register 212;;;
hreg 255;HREG_STO_HOUR_WC8;uint16;1;;;See description for register 213;;;
hreg 256;HREG_STO_MIN_WC8;uint16;1;;;See description for register 214;;;
hreg 257;HREG_WC8;uint16;1;undefined;;See description for register 215;;;
hreg 258;HREG_DAY_WC9;bitfield;1;;Week timer slot #9;See description for register 210;Days;Days;
hreg 259;HREG_STA_HOUR_WC9;uint16;1;;;See description for register 211;;;
hreg 260;HREG_STA_MIN_WC9;uint16;1;;;See description for register 212;;;
hreg 261;HREG_STO_HOUR_WC9;uint16;1;;;See description for register 213;;;
hreg 262;HREG_STO_MIN_WC9;uint16;1;;;See description for register 214;;;
hreg 263;HREG_WC9;uint16;1;;;See description for register 215;;;
hreg 264;HREG_DAY_WC10;bitfield;1;;Week timer slot #10;See description for register 210;Days;Days;
hreg 265;HREG_STA_HOUR_WC10;uint16;1;;;See description for register 211;;;
hreg 266;HREG_STA_MIN_WC10;uint16;1;;;See description for register 212;;;
hreg 267;HREG_STO_HOUR_WC10;uint16;1;;;See description for register 213;;;
hreg 268;HREG_STO_MIN_WC10;uint16;1;;;See description for register 214;;;
hreg 269;HREG_WC10;uint16;1;;;See description for register 215;;;
hreg 270;HREG_DAY_WC11;bitfield;1;;Week timer slot #11;See description for register 210;Days;Days;
hreg 271;HREG_STA_HOUR_WC11;uint16;1;;;See description for register 211;;;
hreg 272;HREG_STA_MIN_WC11;uint16;1;;;See description for register 212;;;
hreg 273;HREG_STO_HOUR_WC11;uint16;1;;;See description for register 213;;;
hreg 274;HREG_STO_MIN_WC11;uint16;1;;;See description for register 214;;;
hreg 275;HREG_WC11;uint16;1;;;See description for register 215;;;
hreg 276;HREG_DAY_WC12;bitfield;1;;Week timer slot #12;See description for register 210;Days;Days;
hreg 277;HREG_STA_HOUR_WC12;uint16;1;;;See description for register 211;;;
hreg 278;HREG_STA_MIN_WC12;uint16;1;;;See description for register 212;;;
hreg 279;HREG_STO_HOUR_WC12;uint16;1;;;See description for register 213;;;
hreg 280;HREG_STO_MIN_WC12;uint16;1;;;See description for register 214;;;
hreg 281;HREG_WC12;uint16;1;;;See description for register 215;;;
hreg 282;HREG_DAY_WC13;bitfield;1;;Week timer slot #13;See description for register 210;Days;Days;
hreg 283;HREG_STA_HOUR_WC13;uint16;1;;;See description for register 211;;;
hreg 284;HREG_STA_MIN_WC13;uint16;1;;;See description for register 212;;;
hreg 285;HREG_STO_HOUR_WC13;uint16;1;;;See description for register 213;;;
hreg 286;HREG_STO_MIN_WC13;uint16;1;;;See description for register 214;;;
hreg 287;HREG_WC13;uint16;1;;;See description for register 215;;;
hreg 288;HREG_DAY_WC14;bitfield;1;;Week timer slot #14;See description for register 210;Days;Days;
hreg 289;HREG_STA_HOUR_WC14;uint16;1;;;See description for register 211;;;
hreg 290;HREG_STA_MIN_WC14;uint16;1;;;See description for register 212;;;
hreg 291;HREG_STO_HOUR_WC14;uint16;1;;;See description for register 213;;;
hreg 292;HREG_STO_MIN_WC14;uint16;1;;;See description for register 214;;;
hreg 293;HREG_WC14;uint16;1;;;See description for register 215;;;
hreg 294;HREG_DAY_WC15;bitfield;1;;Week timer slot #15;See description for register 210;Days;Days;
hreg 295;HREG_STA_HOUR_WC15;uint16;1;;;See description for register 211;;;
hreg 296;HREG_STA_MIN_WC15;uint16;1;;;See description for register 212;;;
hreg 297;HREG_STO_HOUR_WC15;uint16;1;;;See description for register 213;;;
hreg 298;HREG_STO_MIN_WC15;uint16;1;;;See description for register 214;;;
hreg 299;HREG_WC15;uint16;1;;;See description for register 215;;;
hreg 300;HREG_DAY_WC16;bitfield;1;;Week timer slot #16;See description for register 210;Days;Days;
hreg 301;HREG_STA_HOUR_WC16;uint16;1;;;See description for register 211;;;
hreg 302;HREG_STA_MIN_WC16;uint16;1;;;See description for register 212;;;
hreg 303;HREG_STO_HOUR_WC16;uint16;1;;;See description for register 213;;;
hreg 304;HREG_STO_MIN_WC16;uint16;1;;;See description for register 214;;;
hreg 305;HREG_WC16;uint16;1;;;See description for register 215;;;
hreg 306;HREG_DAY_WC17;bitfield;1;;Week timer slot #17;See description for register 210;Days;Days;
hreg 307;HREG_STA_HOUR_WC17;uint16;1;;;See description for register 211;;;
hreg 308;HREG_STA_MIN_WC17;uint16;1;;;See description for register 212;;;
hreg 309;HREG_STO_HOUR_WC17;uint16;1;;;See description for register 213;;;
hreg 310;HREG_STO_MIN_WC17;uint16;1;;;See description for register 214;;;
hreg 311;HREG_WC17;uint16;1;;;See description for register 215;;;
hreg 312;HREG_DAY_WC18;bitfield;1;;Week timer slot #18;See description for register 210;Days;Days;
hreg 313;HREG_STA_HOUR_WC18;uint16;1;;;See description for register 211;;;
hreg 314;HREG_STA_MIN_WC18;uint16;1;;;See description for register 212;;;
hreg 315;HREG_STO_HOUR_WC18;uint16;1;;;See description for register 213;;;
hreg 316;HREG_STO_MIN_WC18;uint16;1;;;See description for register 214;;;
hreg 317;HREG_WC18;uint16;1;;;See description for register 215;;;
hreg 318;HREG_DAY_WC19;bitfield;1;;Week timer slot #19;See description for register 210;Days;Days;
hreg 319;HREG_STA_HOUR_WC19;uint16;1;;;See description for register 211;;;
hreg 320;HREG_STA_MIN_WC19;uint16;1;;;See description for register 212;;;
hreg 321;HREG_STO_HOUR_WC19;uint16;1;;;See description for register 213;;;
hreg 322;HREG_STO_MIN_WC19;uint16;1;;;See description for register 214;;;
hreg 323;HREG_WC19;uint16;1;;;See description for register 215;;;
hreg 324;HREG_DAY_WC20;bitfield;1;;Week timer slot #20;See description for register 210;Days;Days;
hreg 325;HREG_STA_HOUR_WC20;uint16;1;;;See description for register 211;;;
hreg 326;HREG_STA_MIN_WC20;uint16;1;;;See description for register 212;;;
hreg 327;HREG_STO_HOUR_WC20;uint16;1;;;See description for register 213;;;
hreg 328;HREG_STO_MIN_WC20;uint16;1;;;See description for register 214;;;
hreg 329;HREG_WC20;uint16;1;;;See description for register 215;;;
hreg 330;HREG_STA_PV_Y1;uint16;1;;Year timer slot #1;Year program 1 start day-of-month;;;
hreg 331;HREG_STA_KK_Y1;uint16;1;;;Year program 1 stop month;;;
hreg 332;HREG_ACTIVE_TIMEPROGRAMS_1;uint16;1;;Active time programs, week slots 1-16;;;;
hreg 333;HREG_STA_HOUR_Y1;uint16;1;;;Year program 1 start hour;;;
hreg 334;HREG_STA_MIN_Y1;uint16;1;;;Year program 1 start minute;;;
hreg 335;HREG_STO_PV_Y1;uint16;1;;;Year program 1 stop day of month;;;
hreg 336;HREG_STO_KK_Y1;uint16;1;;;Year program 1 stop month;;;
hreg 337;HREG_ACTIVE_TIMEPROGRAMS_2;uint16;1;;Active time programs, week slots 17-20 and year slots 1-5;;;;
hreg 338;HREG_STO_HOUR_Y1;uint16;1;;;Year program 1 stop hour;;;
hreg 339;HREG_STO_MIN_Y1;uint16;1;;;Year program 1 stop minute;;;
hreg 340;HREG_Y1;uint16;1;;;Year program 1 action;;;#define TIMER_PROGRAM_OFF 0 #define TIMER_AWAY        1 #define TIMER_AWAY_LONG   2 #define TIMER_HEAT_DIS    3 #define TIMER_COOL_DIS    4 #define TIMER_TEMP_DECR   5 #define TIMER_MAX_H       6 #define TIMER_MAX_C       7 #define TIMER_RELAY       16 #define TIMER_BOOST       17 /* Circulation air state change time program (Pallas) */ #define TIMER_CLOSED_CIRCULATION 18 /* This time program function is relevant in OFFICE program variant (use  * method) and it means that the machine should be running (instead of  * being in STOP state). */ #define TIMER_RUNTIME     30 
hreg 341;HREG_STA_PV_Y2;uint16;1;;Year timer slot #2;See description for year program slot #1;;;
hreg 342;HREG_STA_KK_Y2;uint16;1;;;See description for year program slot #1;;;
hreg 343;HREG_UPTIME;uint16;1;;System uptime;Number of minutes since system was started. Note: count will reset to zero after approximately 45 days;;;Warning: the count is approximative, it should not be used for time-keeping purposes
hreg 344;HREG_STA_HOUR_Y2;uint16;1;;;See description for year program slot #1;;;
hreg 345;HREG_STA_MIN_Y2;uint16;1;;;See description for year program slot #1;;;
hreg 346;HREG_STO_PV_Y2;uint16;1;;;See description for year program slot #1;;;
hreg 347;HREG_STO_KK_Y2;uint16;1;;;See description for year program slot #1;;;
hreg 348;Reserved;uint16;1;;Number of active panel bus units;The number of modbus slaves detected, updated every minute;;;
hreg 349;HREG_STO_HOUR_Y2;uint16;1;;;See description for year program slot #1;;;
hreg 350;HREG_STO_MIN_Y2;uint16;1;;;See description for year program slot #1;;;
hreg 351;HREG_Y2;uint16;1;;;See description for year program slot #1;;;
hreg 352;HREG_STA_PV_Y3;uint16;1;;Year timer slot #3;See description for year program slot #1;;;
hreg 353;HREG_STA_KK_Y3;uint16;1;;;See description for year program slot #1;;;
hreg 354;HREG_BOOTLOADER_VERSION;uint16;1;;Bootloader version;Bootloader version (desc.);;;
hreg 355;HREG_STA_HOUR_Y3;uint16;1;;;See description for year program slot #1;;;
hreg 356;HREG_STA_MIN_Y3;uint16;1;;;See description for year program slot #1;;;
hreg 357;HREG_STO_PV_Y3;uint16;1;;;See description for year program slot #1;;;
hreg 358;HREG_STO_KK_Y3;uint16;1;;;See description for year program slot #1;;;
hreg 359;HREG_FILTER_TEST_HR;uint16;1;;Filter test hour;Filter test will begin at this hour (HH:00);;;
hreg 360;HREG_STO_HOUR_Y3;uint16;1;;;See description for year program slot #1;;;
hreg 361;HREG_STO_MIN_Y3;uint16;1;;;See description for year program slot #1;;;
hreg 362;HREG_Y3;uint16;1;;;See description for year program slot #1;;;
hreg 363;HREG_STA_PV_Y4;uint16;1;;Year timer slot #4;See description for year program slot #1;;;
hreg 364;HREG_STA_KK_Y4;uint16;1;;;See description for year program slot #1;;;
hreg 365;HREG_FILTER_TEST_DAYS;uint16;1;;Filter test day-of-week;Filter test run on selected day on the selected hour;;;Expressed as a bitfield similar to week time programs
hreg 366;HREG_STA_HOUR_Y4;uint16;1;;;See description for year program slot #1;;;
hreg 367;HREG_STA_MIN_Y4;uint16;1;;;See description for year program slot #1;;;
hreg 368;HREG_STO_PV_Y4;uint16;1;;;See description for year program slot #1;;;
hreg 369;HREG_STO_KK_Y4;uint16;1;;;See description for year program slot #1;;;
hreg 370;HREG_FILTER_TEST_TF;uint16;1;;Filter test TF fan speed;Filter test TF fan speed (desc.);;;During filter test mode TF will run at this constant fanspeed even in constant duct pressure mode.  Note that if value is outside range 20-100, 100% will be used
hreg 371;HREG_STO_HOUR_Y4;uint16;1;;;See description for year program slot #1;;;
hreg 372;HREG_STO_MIN_Y4;uint16;1;;;See description for year program slot #1;;;
hreg 373;HREG_Y4;uint16;1;;;See description for year program slot #1;;;
hreg 374;HREG_STA_PV_Y5;uint16;1;;Year timer slot #5;See description for year program slot #1;;;
hreg 375;HREG_STA_KK_Y5;uint16;1;;;See description for year program slot #1;;;
hreg 376;HREG_FILTER_TEST_PF;uint16;1;;Filter test PF fan speed;Filter test PF fan speed (desc.);;;During filter test mode PF will run at this constant fanspeed even in constant duct pressure mode.  Note that if value is outside range 20-100, 100% will be used
hreg 377;HREG_STA_HOUR_Y5;uint16;1;;;See description for year program slot #1;;;
hreg 378;HREG_STA_MIN_Y5;uint16;1;;;See description for year program slot #1;;;
hreg 379;HREG_STO_PV_Y5;uint16;1;;;See description for year program slot #1;;;
hreg 380;HREG_STO_KK_Y5;uint16;1;;;See description for year program slot #1;;;
hreg 381;Reserved;;;;;;;;
hreg 382;HREG_STO_HOUR_Y5;uint16;1;;;See description for year program slot #1;;;
hreg 383;HREG_STO_MIN_Y5;uint16;1;;;See description for year program slot #1;;;
hreg 384;HREG_Y5;uint16;1;;;See description for year program slot #1;;;
hreg 385;HREG_ALARM1_ALMTYPE;uint16;1;;Alarm log entry #1;Alarm 1 (newest) alarm type;;Alarm 1 (newest) alarm type;ALARM_TE05_L =        1,      ALARM_TE10_L =       2,      ALARM_TE10_H =       3,      ALARM_TE20_H =       4,      ALARM_TE30_L =       5,      ALARM_TE30_H  =      6,      ALARM_HP       =     7,    /* This is both HP and MDX */      ALARM_SLP       =    8,      ALARM_TE45_L     =   9,      ALARM_LTO        =   10,      ALARM_COOL        =  11,      ALARM_EMERGENCY_STOP   =  12 ,       ALARM_EXTERNAL         = 13,   /** This used to be ALARM_FIRE on EDA */      ALARM_SERVICE       =14 ,             ALARM_PDS10       =  15,      ALARM_SPLY_FILT_H =  16,      ALARM_EXT_FILT_H  =  17,      ALARM_SPLY_FILT_L =  18 ,  /* This alarm is actually not in use. It is relevant only for large machines with 2-speed fan control */      ALARM_EXT_FILT_L  =  19  , /* This alarm is actually not in use. It is relevant only for large machines with 2-speed fan control */      ALARM_TF_PRES       =  20,      ALARM_PF_PRES       =  21 ,     ALARM_TE50_H   = 22,    ALARM_TE52_H   = 24,      ALARM_TF_ROTATION = 25,      ALARM_PF_ROTATION = 26,      ALARM_TE02_H   = 27,      ALARM_SERVICE_CONSTANT_DUCT_PRES = 28,   /* Under constant duct pressure control, Service alarm is triggered then fanspeeds reach a defined limit */ 
hreg 386;HREG_ALARM1_STATECLASS;uint16;1;;;This defines the status (low byte) of the alarm;;;ALARM_STATE_OFF = 0, ALARM_STATE_ACKED = 1, ALARM_STATE_ON = 2. Write “1” or “2” to this register to acknowledge the alarm.
hreg 387;HREG_ALARM1_YY;uint16;1;;;Alarm year;;;
hreg 388;HREG_ALARM1_MM;uint16;1;;;Alarm month;;;
hreg 389;HREG_ALARM1_DD;uint16;1;;;Alarm day.;;;
hreg 390;HREG_ALARM1_HH;uint16;1;;;Alarm hour;;;
hreg 391;HREG_ALARM1_MI;uint16;1;;;Alarm minutes;;;
hreg 392;HREG_ALARM2_ALMTYPE;uint16;1;;Alarm log entry #2;See description for alarm log entry #1;;;
hreg 393;HREG_ALARM2_STATECLASS;uint16;1;;;See description for alarm log entry #1;;;
hreg 394;HREG_ALARM2_YY;uint16;1;;;See description for alarm log entry #1;;;
hreg 395;HREG_ALARM2_MM;uint16;1;;;See description for alarm log entry #1;;;
hreg 396;HREG_ALARM2_DD;uint16;1;;;See description for alarm log entry #1;;;
hreg 397;HREG_ALARM2_HH;uint16;1;;;See description for alarm log entry #1;;;
hreg 398;HREG_ALARM2_MI;uint16;1;;;See description for alarm log entry #1;;;
hreg 399;HREG_ALARM3_ALMTYPE;uint16;1;;Alarm log entry #3;See description for alarm log entry #1;;;
hreg 400;HREG_ALARM3_STATECLASS;uint16;1;;;See description for alarm log entry #1;;;
hreg 401;HREG_ALARM3_YY;uint16;1;;;See description for alarm log entry #1;;;
hreg 402;HREG_ALARM3_MM;uint16;1;;;See description for alarm log entry #1;;;
hreg 403;HREG_ALARM3_DD;uint16;1;;;See description for alarm log entry #1;;;
hreg 404;HREG_ALARM3_HH;uint16;1;;;See description for alarm log entry #1;;;
hreg 405;HREG_ALARM3_MI;uint16;1;;;See description for alarm log entry #1;;;
hreg 406;HREG_ALARM4_ALMTYPE;uint16;1;;Alarm log entry #4;See description for alarm log entry #1;;;
hreg 407;HREG_ALARM4_STATECLASS;uint16;1;;;See description for alarm log entry #1;;;
hreg 408;HREG_ALARM4_YY;uint16;1;;;See description for alarm log entry #1;;;
hreg 409;HREG_ALARM4_MM;uint16;1;;;See description for alarm log entry #1;;;
hreg 410;HREG_ALARM4_DD;uint16;1;;;See description for alarm log entry #1;;;
hreg 411;HREG_ALARM4_HH;uint16;1;;;See description for alarm log entry #1;;;
hreg 412;HREG_ALARM4_MI;uint16;1;;;See description for alarm log entry #1;;;
hreg 413;HREG_ALARM5_ALMTYPE;uint16;1;;Alarm log entry #5;See description for alarm log entry #1;;;
hreg 414;HREG_ALARM5_STATECLASS;uint16;1;;;See description for alarm log entry #1;;;
hreg 415;HREG_ALARM5_YY;uint16;1;;;See description for alarm log entry #1;;;
hreg 416;HREG_ALARM5_MM;uint16;1;;;See description for alarm log entry #1;;;
hreg 417;HREG_ALARM5_DD;uint16;1;;;See description for alarm log entry #1;;;
hreg 418;HREG_ALARM5_HH;uint16;1;;;See description for alarm log entry #1;;;
hreg 419;HREG_ALARM5_MI;uint16;1;;;See description for alarm log entry #1;;;
hreg 420;HREG_ALARM6_ALMTYPE;uint16;1;;Alarm log entry #6;See description for alarm log entry #1;;;
hreg 421;HREG_ALARM6_STATECLASS;uint16;1;;;See description for alarm log entry #1;;;
hreg 422;HREG_ALARM6_YY;uint16;1;;;See description for alarm log entry #1;;;
hreg 423;HREG_ALARM6_MM;uint16;1;;;See description for alarm log entry #1;;;
hreg 424;HREG_ALARM6_DD;uint16;1;;;See description for alarm log entry #1;;;
hreg 425;HREG_ALARM6_HH;uint16;1;;;See description for alarm log entry #1;;;
hreg 426;HREG_ALARM6_MI;uint16;1;;;See description for alarm log entry #1;;;
hreg 427;HREG_ALARM7_ALMTYPE;uint16;1;;Alarm log entry #7;See description for alarm log entry #1;;;
hreg 428;HREG_ALARM7_STATECLASS;uint16;1;;;See description for alarm log entry #1;;;
hreg 429;HREG_ALARM7_YY;uint16;1;;;See description for alarm log entry #1;;;
hreg 430;HREG_ALARM7_MM;uint16;1;;;See description for alarm log entry #1;;;
hreg 431;HREG_ALARM7_DD;uint16;1;;;See description for alarm log entry #1;;;
hreg 432;HREG_ALARM7_HH;uint16;1;;;See description for alarm log entry #1;;;
hreg 433;HREG_ALARM7_MI;uint16;1;;;See description for alarm log entry #1;;;
hreg 434;HREG_ALARM8_ALMTYPE;uint16;1;;Alarm log entry #8;See description for alarm log entry #1;;;
hreg 435;HREG_ALARM8_STATECLASS;uint16;1;;;See description for alarm log entry #1;;;
hreg 436;HREG_ALARM8_YY;uint16;1;;;See description for alarm log entry #1;;;
hreg 437;HREG_ALARM8_MM;uint16;1;;;See description for alarm log entry #1;;;
hreg 438;HREG_ALARM8_DD;uint16;1;;;See description for alarm log entry #1;;;
hreg 439;HREG_ALARM8_HH;uint16;1;;;See description for alarm log entry #1;;;
hreg 440;HREG_ALARM8_MI;uint16;1;;;See description for alarm log entry #1;;;
hreg 441;HREG_ALARM9_ALMTYPE;uint16;1;;Alarm log entry #9;See description for alarm log entry #1;;;
hreg 442;HREG_ALARM9_STATECLASS;uint16;1;;;See description for alarm log entry #1;;;
hreg 443;HREG_ALARM9_YY;uint16;1;;;See description for alarm log entry #1;;;
hreg 444;HREG_ALARM9_MM;uint16;1;;;See description for alarm log entry #1;;;
hreg 445;HREG_ALARM9_DD;uint16;1;;;See description for alarm log entry #1;;;
hreg 446;HREG_ALARM9_HH;uint16;1;;;See description for alarm log entry #1;;;
hreg 447;HREG_ALARM9_MI;uint16;1;;;See description for alarm log entry #1;;;
hreg 448;HREG_ALARM10_ALMTYPE;uint16;1;;Alarm log entry #10;See description for alarm log entry #1;;;
hreg 449;HREG_ALARM10_STATECLASS;uint16;1;;;See description for alarm log entry #1;;;
hreg 450;HREG_ALARM10_YY;uint16;1;;;See description for alarm log entry #1;;;
hreg 451;HREG_ALARM10_MM;uint16;1;;;See description for alarm log entry #1;;;
hreg 452;HREG_ALARM10_DD;uint16;1;;;See description for alarm log entry #1;;;
hreg 453;HREG_ALARM10_HH;uint16;1;;;See description for alarm log entry #1;;;
hreg 454;HREG_ALARM10_MI;uint16;1;;;See description for alarm log entry #1;;;
hreg 455;HREG_ALARM11_ALMTYPE;uint16;1;;Alarm log entry #11;See description for alarm log entry #1;;;
hreg 456;HREG_ALARM11_STATECLASS;uint16;1;;;See description for alarm log entry #1;;;
hreg 457;HREG_ALARM11_YY;uint16;1;;;See description for alarm log entry #1;;;
hreg 458;HREG_ALARM11_MM;uint16;1;;;See description for alarm log entry #1;;;
hreg 459;HREG_ALARM11_DD;uint16;1;;;See description for alarm log entry #1;;;
hreg 460;HREG_ALARM11_HH;uint16;1;;;See description for alarm log entry #1;;;
hreg 461;HREG_ALARM11_MI;uint16;1;;;See description for alarm log entry #1;;;
hreg 462;HREG_ALARM12_ALMTYPE;uint16;1;;Alarm log entry #12;See description for alarm log entry #1;;;
hreg 463;HREG_ALARM12_STATECLASS;uint16;1;;;See description for alarm log entry #1;;;
hreg 464;HREG_ALARM12_YY;uint16;1;;;See description for alarm log entry #1;;;
hreg 465;HREG_ALARM12_MM;uint16;1;;;See description for alarm log entry #1;;;
hreg 466;HREG_ALARM12_DD;uint16;1;;;See description for alarm log entry #1;;;
hreg 467;HREG_ALARM12_HH;uint16;1;;;See description for alarm log entry #1;;;
hreg 468;HREG_ALARM12_MI;uint16;1;;;See description for alarm log entry #1;;;
hreg 469;HREG_ALARM13_ALMTYPE;uint16;1;;Alarm log entry #13;See description for alarm log entry #1;;;
hreg 470;HREG_ALARM13_STATECLASS;uint16;1;;;See description for alarm log entry #1;;;
hreg 471;HREG_ALARM13_YY;uint16;1;;;See description for alarm log entry #1;;;
hreg 472;HREG_ALARM13_MM;uint16;1;;;See description for alarm log entry #1;;;
hreg 473;HREG_ALARM13_DD;uint16;1;;;See description for alarm log entry #1;;;
hreg 474;HREG_ALARM13_HH;uint16;1;;;See description for alarm log entry #1;;;
hreg 475;HREG_ALARM13_MI;uint16;1;;;See description for alarm log entry #1;;;
hreg 476;HREG_ALARM14_ALMTYPE;uint16;1;;Alarm log entry #14;See description for alarm log entry #1;;;
hreg 477;HREG_ALARM14_STATECLASS;uint16;1;;;See description for alarm log entry #1;;;
hreg 478;HREG_ALARM14_YY;uint16;1;;;See description for alarm log entry #1;;;
hreg 479;HREG_ALARM14_MM;uint16;1;;;See description for alarm log entry #1;;;
hreg 480;HREG_ALARM14_DD;uint16;1;;;See description for alarm log entry #1;;;
hreg 481;HREG_ALARM14_HH;uint16;1;;;See description for alarm log entry #1;;;
hreg 482;HREG_ALARM14_MI;uint16;1;;;See description for alarm log entry #1;;;
hreg 483;HREG_ALARM15_ALMTYPE;uint16;1;;Alarm log entry #15;See description for alarm log entry #1;;;
hreg 484;HREG_ALARM15_STATECLASS;uint16;1;;;See description for alarm log entry #1;;;
hreg 485;HREG_ALARM15_YY;uint16;1;;;See description for alarm log entry #1;;;
hreg 486;HREG_ALARM15_MM;uint16;1;;;See description for alarm log entry #1;;;
hreg 487;HREG_ALARM15_DD;uint16;1;;;See description for alarm log entry #1;;;
hreg 488;HREG_ALARM15_HH;uint16;1;;;See description for alarm log entry #1;;;
hreg 489;HREG_ALARM15_MI;uint16;1;;;See description for alarm log entry #1;;;
hreg 490;HREG_ALARM16_ALMTYPE;uint16;1;;Alarm log entry #16;See description for alarm log entry #1;;;
hreg 491;HREG_ALARM16_STATECLASS;uint16;1;;;See description for alarm log entry #1;;;
hreg 492;HREG_ALARM16_YY;uint16;1;;;See description for alarm log entry #1;;;
hreg 493;HREG_ALARM16_MM;uint16;1;;;See description for alarm log entry #1;;;
hreg 494;HREG_ALARM16_DD;uint16;1;;;See description for alarm log entry #1;;;
hreg 495;HREG_ALARM16_HH;uint16;1;;;See description for alarm log entry #1;;;
hreg 496;HREG_ALARM16_MI;uint16;1;;;See description for alarm log entry #1;;;
hreg 497;HREG_ALARM17_ALMTYPE;uint16;1;;Alarm log entry #17;See description for alarm log entry #1;;;
hreg 498;HREG_ALARM17_STATECLASS;uint16;1;;;See description for alarm log entry #1;;;
hreg 499;HREG_ALARM17_YY;uint16;1;;;See description for alarm log entry #1;;;
hreg 500;HREG_ALARM17_MM;uint16;1;;;See description for alarm log entry #1;;;
hreg 501;HREG_ALARM17_DD;uint16;1;;;See description for alarm log entry #1;;;
hreg 502;HREG_ALARM17_HH;uint16;1;;;See description for alarm log entry #1;;;
hreg 503;HREG_ALARM17_MI;uint16;1;;;See description for alarm log entry #1;;;
hreg 504;HREG_ALARM18_ALMTYPE;uint16;1;;Alarm log entry #18;See description for alarm log entry #1;;;
hreg 505;HREG_ALARM18_STATECLASS;uint16;1;;;See description for alarm log entry #1;;;
hreg 506;HREG_ALARM18_YY;uint16;1;;;See description for alarm log entry #1;;;
hreg 507;HREG_ALARM18_MM;uint16;1;;;See description for alarm log entry #1;;;
hreg 508;HREG_ALARM18_DD;uint16;1;;;See description for alarm log entry #1;;;
hreg 509;HREG_ALARM18_HH;uint16;1;;;See description for alarm log entry #1;;;
hreg 510;HREG_ALARM18_MI;uint16;1;;;See description for alarm log entry #1;;;
hreg 511;HREG_ALARM19_ALMTYPE;uint16;1;;Alarm log entry #19;See description for alarm log entry #1;;;
hreg 512;HREG_ALARM19_STATECLASS;uint16;1;;;See description for alarm log entry #1;;;
hreg 513;HREG_ALARM19_YY;uint16;1;;;See description for alarm log entry #1;;;
hreg 514;HREG_ALARM19_MM;uint16;1;;;See description for alarm log entry #1;;;
hreg 515;HREG_ALARM19_DD;uint16;1;;;See description for alarm log entry #1;;;
hreg 516;HREG_ALARM19_HH;uint16;1;;;See description for alarm log entry #1;;;
hreg 517;HREG_ALARM19_MI;uint16;1;;;See description for alarm log entry #1;;;
hreg 518;HREG_ALARM20_ALMTYPE;uint16;1;;Alarm log entry #20;See description for alarm log entry #1;;;
hreg 519;HREG_ALARM20_STATECLASS;uint16;1;;;See description for alarm log entry #1;;;
hreg 520;HREG_ALARM20_YY;uint16;1;;;See description for alarm log entry #1;;;
hreg 521;HREG_ALARM20_MM;uint16;1;;;See description for alarm log entry #1;;;
hreg 522;HREG_ALARM20_DD;uint16;1;;;See description for alarm log entry #1;;;
hreg 523;HREG_ALARM20_HH;uint16;1;;;See description for alarm log entry #1;;;
hreg 524;HREG_ALARM20_MI;uint16;1;;;See description for alarm log entry #1;;;
hreg 525;Reserved;;;;;;;;
hreg 526;Reserved;;;;;;;;
hreg 527;Reserved;;;;;;;;
hreg 528;Reserved;;;;;;;;
hreg 529;Reserved;;;;;;;;
hreg 530;Reserved;;;;;;;;
hreg 531;Reserved;;;;;;;;
hreg 532;Reserved;;;;;;;;
hreg 533;Reserved;;;;;;;;
hreg 534;Reserved;;;;;;;;
hreg 535;Reserved;;;;;;;;
hreg 536;Reserved;;;;;;;;
hreg 537;Reserved;;;;;;;;
hreg 538;HREG_ALARM_SERVICE_TIME;uint16;1;;Service reminder;Number of days until service reminder alarm is signaled.;Service reminder;Number of days until service reminder alarm is given;
hreg 539;Reserved;;;;;;;;
hreg 540;Reserved;;;;;;;;
hreg 541;Reserved;;;;;;;;
hreg 542;Reserved;;;;;;;;
hreg 543;Reserved;;;;;;;;
hreg 544;Reserved;;;;;;;;
hreg 545;Reserved;;;;;;;;
hreg 546;Reserved;;;;;;;;
hreg 547;Reserved;;;;;;;;
hreg 548;Reserved;;;;;;;;
hreg 549;Reserved;;;;;;;;
hreg 550;Reserved;;;;;;;;
hreg 551;Reserved;;;;;;;;
hreg 552;Reserved;;;;;;;;
hreg 553;Reserved;;;;;;;;
hreg 554;Reserved;;;;;;;;
hreg 555;Reserved;;;;;;;;
hreg 556;Reserved;;;;;;;;
hreg 557;Reserved;;;;;;;;
hreg 558;Reserved;;;;;;;;
hreg 559;Reserved;;;;;;;;
hreg 560;Reserved;;;;;;;;
hreg 561;Reserved;;;;;;;;
hreg 562;Reserved;;;;;;;;
hreg 563;Reserved;;;;;;;;
hreg 564;Reserved;;;;;;;;
hreg 565;Reserved;;;;;;;;
hreg 566;Reserved;;;;;;;;
hreg 567;Reserved;;;;;;;;
hreg 568;Reserved;;;;;;;;
hreg 569;Reserved;;;;;;;;
hreg 570;Reserved;;;;;;;;
hreg 571;Reserved;;;;;;;;
hreg 572;Reserved;;;;;;;;
hreg 573;Reserved;;;;;;;;
hreg 574;Reserved;;;;;;;;
hreg 575;Reserved;;;;;;;;
hreg 576;Reserved;;;;;;;;
hreg 577;Reserved;;;;;;;;
hreg 578;HREG_B_ALARM_START;uint16;1;;Start time;B alarm relay signaling allowed start hour.;Start time;Allowed start time for B alarm output;The defined time is HH:00, where HH is the register's value
hreg 579;HREG_B_ALARM_STOP;uint16;1;;Ending time;B alarm relay signaling allowed stop hour.;Ending time;Allowed stop time for B alarm output;The defined time is HH:00, where HH is the register's value
hreg 580;HREG_B_ALARM_WEEKDAYS;bitfield;1;;Weekdays;B alarm relay signaling allowed weekdays (bitmap, stored in low 7 bits of the register).;Weekdays;Choose allowed weekdays for B alarm output;Bit 0: Sunday … Bit 6: Saturday
hreg 581;HREG_N_O_ALARMS;uint16;1;;Number of alarms;Current number of alarms in the alarm log.;Number of alarms;Current number of alarms in the alarm log;
hreg 582;HREG_C_MIN_RTC;uint16;1;;;RTC interface for changing minutes field;;;
hreg 583;HREG_C_HOUR_RTC;uint16;1;;;RTC interface for changing hour field;;;
hreg 584;HREG_C_DAY_RTC;uint16;1;;;RTC interface for changing day of month field;;;
hreg 585;HREG_C_MONTH_RTC;uint16;1;;;RTC interface for changing month field;;;
hreg 586;HREG_C_YEAR_RTC;uint16;1;;;RTC interface for changing year field;;;
hreg 587;Reserved;;;;;;;;
hreg 588;Reserved;;;;;;;;
hreg 589;Reserved;;;;;;;;
hreg 590;Reserved;;;;;;;;
hreg 591;Reserved;;;;;;;;
hreg 592;Reserved;;;;;;;;
hreg 593;Reserved;;;;;;;;
hreg 594;Reserved;;;;;;;;
hreg 595;Reserved;;;;;;;;
hreg 596;Reserved;;;;;;;;
hreg 597;HREG_FAMILY_TYPE;uint16;1;;Family;Machine family type;Family;Machine family type;
hreg 598;HREG_HW_VERSION;enumeration;1;;Hardware version;Hardware version desc;MD Hardware version;Unit motherboard hardware version;Value 1 corresponds to Rev.A, value 2 is B, value is C and so forth up to 27 which is Rev.Z
hreg 599;HREG_SW_VERSION;uint16;100;;MD SW version;MD Software release number;MD SW version;Unit motherboard software version;
hreg 600;Reserved;;;;;;;;
hreg 601;Reserved;;;;;;;;
hreg 602;Reserved;;;;;;;;
hreg 603;Reserved;;;;;;;;
hreg 604;Reserved;;;;;;;;
hreg 605;Reserved;;;;;;;;
hreg 606;Reserved;;;;;;;;
hreg 607;Reserved;;;;;;;;
hreg 608;Reserved;;;;;;;;
hreg 609;Reserved;;;;;;;;
hreg 610;Reserved;;;;;;;;
hreg 611;Reserved;;;;;;;;
hreg 612;Reserved;;;;;;;;
hreg 613;Reserved;;;;;;;;
hreg 614;Reserved;;;;;;;;
hreg 615;Reserved;;;;;;;;
hreg 616;Reserved;;;;;;;;
hreg 617;Reserved;;;;;;;;
hreg 618;Reserved;;;;;;;;
hreg 619;Reserved;;;;;;;;
hreg 620;Reserved;;;;;;;;
hreg 621;Reserved;;;;;;;;
hreg 622;Reserved;;;;;;;;
hreg 623;Reserved;;;;;;;;
hreg 624;Reserved;;;;;;;;
hreg 625;Reserved;;;;;;;;
hreg 626;Reserved;;;;;;;;
hreg 627;Reserved;;;;;;;;
hreg 628;Reserved;;;;;;;;
hreg 629;Reserved;;;;;;;;
hreg 630;Reserved;;;;;;;;
hreg 631;Reserved;;;;;;;;
hreg 632;Reserved;;;;;;;;
hreg 633;Reserved;;;;;;;;
hreg 634;Reserved;;;;;;;;
hreg 635;Reserved;;;;;;;;
hreg 636;Reserved;;;;;;;;
hreg 637;Reserved;;;;;;;;
hreg 638;Reserved;;;;;;;;
hreg 639;Reserved;;;;;;;;
hreg 640;HREG_MBADDR;uint16;1;1 - 100;Modbus id;Modbus address used by the card.;Modbus id;MD card modbus address 1 - 100;
hreg 641;Reserved;;;;;;;;
hreg 642;Reserved;;;;;;;;
hreg 643;Reserved;;;;;;;;
hreg 644;Reserved;;;;;;;;
hreg 645;Reserved;;;;;;;;
hreg 646;Reserved;;;;;;;;
hreg 647;Reserved;;;;;;;;
hreg 648;Reserved;;;;;;;;
hreg 649;Reserved;;;;;;;;
hreg 650;Reserved;;;;;;;;
hreg 651;Reserved;;;;;;;;
hreg 652;Reserved;;;;;;;;
hreg 653;Reserved;;;;;;;;
hreg 654;HREG_IPADDR_HIGH;uint16;1;;IP address;IP address high bytes Useful values: 192.168 would be 49320;IP address;;Calculate this as A*2^8+B for IP addr starting with bytes A.B
hreg 655;HREG_IPADDR_LOW;uint16;1;;IP address;IP address low bytes;IP address;;: Calculate this as C*2^8+D for IP addr ending with bytes C.D
hreg 656;HREG_GWIPADDR_HIGH;uint16;1;;Gateway IP address;Gateway IP address low bytes Note: useful values: 192.168 would be 49320;;;Calculate this as A*2^8+B for gateway IP addr starting with bytes A.B
hreg 657;HREG_GWIPADDR_LOW;uint16;1;;Gateway IP address;Gateway IP address low bytes/;;;: Calculate this as C*2^8+D for gateway IP addr ending with bytes C.D
hreg 658;HREG_NETMASK_HIGH;uint16;1;;Netmask;Netmask high bytes Note: useful value 65535, for bytes 255.255;;;: Calculate this as A*2^8+B for netmask starting with bytes A.B
hreg 659;HREG_NETMASK_LOW;uint16;1;;Netmask;Netmask low bytes Note: useful value 65280, for bytes 255.0;;;: Calculate this as C*2^8+D for netmask ending with bytes C.D
hreg 660;HREG_DNSIP_ADDR_HIGH;uint16;1;;DNS server address;DNS server IP high bytes;;;: Calculate this as A*2^8+B for ip starting with bytes A.B
hreg 661;HREG_DNSIP_ADDR_LOW;uint16;1;;DNS server address;DNS server IP low bytes;;;: Calculate this as C*2^8+D for ip ending with bytes C.D
hreg 662;Reserved;;;;;;;;
hreg 663;Reserved;;;;;;;;
hreg 664;Reserved;;;;;;;;
hreg 665;Reserved;;;;;;;;
hreg 666;Reserved;;;;;;;;
hreg 667;HREG_DHCP_CONTROL;enumeration;1;;DHCP;Dynamic Host Configuration Protocol;;;Value of 0 indicates DHCP is active, value of 1 indicates DHCP inactive.
hreg 668;Reserved;;;;;;;;
hreg 669;Reserved;;;;;;;;
hreg 670;Reserved;;;;;;;;
hreg 671;Reserved;;;;;;;;
hreg 672;Reserved;;;;;;;;
hreg 673;Reserved;;;;;;;;
hreg 674;Reserved;;;;;;;;
hreg 675;Reserved;;;;;;;;
hreg 676;Reserved;;;;;;;;
hreg 677;Reserved;;;;;;;;
hreg 678;Reserved;;;;;;;;
hreg 679;Reserved;;;;;;;;
hreg 680;Reserved;;;;;;;;
hreg 681;Reserved;;;;;;;;
hreg 682;Reserved;;;;;;;;
hreg 683;Reserved;;;;;;;;
hreg 684;Reserved;;;;;;;;
hreg 685;Reserved;;;;;;;;
hreg 686;Reserved;;;;;;;;
hreg 687;Reserved;;;;;;;;
hreg 688;Reserved;;;;;;;;
hreg 689;Reserved;;;;;;;;
hreg 690;Reserved;;;;;;;;
hreg 691;Reserved;;;;;;;;
hreg 692;Reserved;;;;;;;;
hreg 693;Reserved;;;;;;;;
hreg 694;Reserved;;;;;;;;
hreg 695;Reserved;;;;;;;;
hreg 696;Reserved;;;;;;;;
hreg 697;Reserved;;;;;;;;
hreg 698;Reserved;;;;;;;;
hreg 699;Reserved;;;;;;;;
hreg 700;Reserved;;;;;;;;
hreg 701;Reserved;;;;;;;;
hreg 702;Reserved;;;;;;;;
hreg 703;Reserved;;;;;;;;
hreg 704;Reserved;;;;;;;;
hreg 705;Reserved;;;;;;;;
hreg 706;Reserved;;;;;;;;
hreg 707;Reserved;;;;;;;;
hreg 708;Reserved;;;;;;;;
hreg 709;Reserved;;;;;;;;
hreg 710;Reserved;;;;;;;;
hreg 711;Reserved;;;;;;;;
hreg 712;Reserved;;;;;;;;
hreg 713;Reserved;;;;;;;;
hreg 714;Reserved;;;;;;;;
hreg 715;Reserved;;;;;;;;
hreg 716;Reserved;;;;;;;;
hreg 717;Reserved;;;;;;;;
hreg 718;Reserved;;;;;;;;
hreg 719;Reserved;;;;;;;;
hreg 720;Reserved;;;;;;;;
hreg 721;Reserved;;;;;;;;
hreg 722;Reserved;;;;;;;;
hreg 723;Reserved;;;;;;;;
hreg 724;Reserved;;;;;;;;
hreg 725;Reserved;;;;;;;;
hreg 726;Reserved;;;;;;;;
hreg 727;Reserved;;;;;;;;
hreg 728;Reserved;;;;;;;;
hreg 729;Reserved;;;;;;;;
hreg 730;Reserved;;;;;;;;
hreg 731;Reserved;;;;;;;;
hreg 732;Reserved;;;;;;;;
hreg 733;HREG_MODBUS_SPEED;enumeration;1;;Modbus speed;Modbus RTU serial line speed;Modbus speed;Modbus RTU serial line speed; SPEED_9600 = 6, SPEED_19200 = 7, SPEED_115200 = 10 
hreg 734;HREG_MODBUS_PARITY;enumeration;1;;Modbus parity;Modbus RTU serial line parity;Modbus parity;Modbus RTU serial line parity;PARITY_NONE = 1, PARITY_EVEN = 2
hreg 735;Reserved;;;;;;;;
hreg 736;Reserved;;;;;;;;
hreg 737;Reserved;;;;;;;;
hreg 738;Reserved;;;;;;;;
hreg 739;Reserved;;;;;;;;
hreg 740;Reserved;;;;;;;;
hreg 741;Reserved;;;;;;;;
hreg 742;Reserved;;;;;;;;
hreg 743;Reserved;;;;;;;;
hreg 744;Reserved;;;;;;;;
hreg 745;Reserved;;;;;;;;
hreg 746;Reserved;;;;;;;;
hreg 747;Reserved;;;;;;;;
hreg 748;Reserved;;;;;;;;
hreg 749;Reserved;;;;;;;;
hreg 750;Reserved;;;;;;;;
hreg 751;Reserved;;;;;;;;
hreg 752;Reserved;;;;;;;;
hreg 753;Reserved;;;;;;;;
hreg 754;Reserved;;;;;;;;
hreg 755;Reserved;;;;;;;;
hreg 756;Reserved;;;;;;;;
hreg 757;Reserved;;;;;;;;
hreg 758;Reserved;;;;;;;;
hreg 759;Reserved;;;;;;;;
hreg 760;Reserved;;;;;;;;
hreg 761;Reserved;;;;;;;;
hreg 762;Reserved;;;;;;;;
hreg 763;Reserved;;;;;;;;
hreg 764;Reserved;;;;;;;;
hreg 765;Reserved;;;;;;;;
hreg 766;Reserved;;;;;;;;
hreg 767;Reserved;;;;;;;;
hreg 768;Reserved;;;;;;;;
hreg 769;Reserved;;;;;;;;
hreg 770;Reserved;;;;;;;;
hreg 771;Reserved;;;;;;;;
hreg 772;Reserved;;;;;;;;
hreg 773;Reserved;;;;;;;;
hreg 774;HREG_EFFECTIVE_CIRCULATION;uint16;1;;Fan speed, circulation air;Circulation air fan's current speed;;;Kotilämpö, EMB, Mixbox
hreg 775;Reserved;;;;;;;;
hreg 776;Reserved;;;;;;;;
hreg 777;Reserved;;;;;;;;
hreg 778;Reserved;;;;;;;;
hreg 779;Reserved;;;;;;;;
hreg 780;HREG_AO1_VOLT;uint16;10;;AO1 voltage;The voltage on Analog Output 1;;;NB: Only on sw 1.18 and above
hreg 781;HREG_AO2_VOLT;uint16;10;;AO2 voltage;The voltage on Analog Output 2;;;NB: Only on sw 1.18 and above
hreg 782;HREG_AO3_VOLT;uint16;10;;AO3 voltage;The voltage on Analog Output 3;;;NB: Only on sw 1.18 and above
hreg 783;HREG_AO4_VOLT;uint16;10;;AO4 voltage;The voltage on Analog Output 4;;;NB: Only on sw 1.18 and above
hreg 784;HREG_AO5_VOLT;uint16;10;;AO5 voltage;The voltage on Analog Output 5;;;NB: Only on sw 1.18 and above
hreg 785;HREG_AO6_VOLT;uint16;10;;AO6 voltage;The voltage on Analog Output 6;;;NB: Only on sw 1.18 and above
hreg 786;HREG_AO7_VOLT;uint16;10;;AO7 voltage;The voltage on Analog Output 7;;;NB: Only on sw 1.18 and above
hreg 787;HREG_AO8_VOLT;uint16;10;;AO8 voltage;The voltage on Analog Output 8;;;NB: Only on sw 1.18 and above
hreg 788;HREG_DI9_PULSE_CNT;uint16;1;;DI9 pulse count;Number of pulses detected on DI9;;;NB: Only on sw 1.18 and above
hreg 789;HREG_DI_BITMAP;uint16;1;;DI1-12 and X9-GPIO1-3 status;Status bitmap of digital inputs DI1 to DI12 and GPIO pins 1-3 on connector X9;;;NB: Only on sw 1.18 and above
hreg 790;HREG_AI9_VOLT;uint16;10;;AI9 voltage;The measured voltage on Analog Input 9;;;Input also known as X10_1. NB: long time constant! NB: Only on sw 1.18 and above
hreg 791;HREG_AI10_VOLT;uint16;10;;AI10 voltage;The measured voltage on Analog Input 10;;;Input also known as X10_1. NB: long time constant! NB: Only on sw 1.18 and above
hreg 792;HREG_AI11_VOLT;uint16;10;;AI11 voltage;The measured voltage on Analog Input 11;;;Input also known as X10_1. NB: long time constant! NB: Only on sw 1.18 and above
hreg 793;HREG_AI12_VOLT;uint16;10;;AI12 voltage;The measured voltage on Analog Input 12;;;Input also known as X10_1. NB: long time constant! NB: Only on sw 1.18 and above
hreg 794;HREG_AI13_VOLT;uint16;10;;AI13 voltage;The measured voltage on Analog Input 13;;;Input also known as X10_1. NB: long time constant! NB: Only on sw 1.18 and above
hreg 795;HREG_AI14_VOLT;uint16;10;;AI14 voltage;The measured voltage on Analog Input 14;;;Input also known as X10_1. NB: long time constant! NB: Only on sw 1.18 and above
hreg 796;HREG_AI15_VOLT;uint16;10;;AI15 voltage;The measured voltage on Analog Input 15;;;Input also known as X10_1. NB: long time constant! NB: Only on sw 1.18 and above
hreg 797;HREG_AI16_VOLT;uint16;10;;AI16 voltage;The measured voltage on Analog Input 16;;;Input also known as X10_1. NB: long time constant! NB: Only on sw 1.18 and above
hreg 798;HREG_DO_BITMAP;uint16;1;;DO1-8 status;Status bitmap of digital outputs (relays);;;NB: Only on sw 1.18 and above
hreg 799;Reserved;uint16;1;;Ping register;Connection test register;;;This register is used by eAir web UI to test if the connection is live
;;;;;;;;;
COIL REGISTERS;;;;;;;;;
Address;Symbol;Type;Multiplier;Bounds (raw value);Name;Description;Title (en translation);Help text (en translation);Note
coil 0;COIL_STOP;;1;;Stop;Stop the machine;Stop;Stop the machine;
coil 1;COIL_AWAY;;1;;Away mode;Set the machine to away mode;Away mode; mode;
coil 2;COIL_AWAYL;;1;;Away long mode;Set the machine to away long mode; mode; mode;
coil 3;Reserved;;;;;;;;
coil 4;Reserved;;;;;;;;
coil 5;Reserved;;;;;;;;
coil 6;COIL_MAX_H;;1;;Max heating;Force the machine to heat at maximum effect.;;Force the machine to heat at maximum effect.;
coil 7;COIL_MAX_C;;1;;Max cooling;Force the machine to cool at maximum effect.;;Force the machine to cool at maximum effect.;
coil 8;COIL_CO2_BOOST_EN;;1;;CO2 boosting;CO2 boosting enabled;CO₂ boosting;Enable or disable CO₂ boosting;
coil 9;COIL_RH_BOOST_EN;;1;;RH boosting;Relative humidity boosting enabled;%RH boosting;Enable or disable humidity boosting;
coil 10;COIL_M_BOOST;;1;;Manual boost;Boost the fanspeeds to 100% for a period of time;Manual boost;Boost the fanspeeds to 100\% for a period of time;
coil 11;COIL_TEMP_BOOST_EN;;1;;Temperature boost;Temperature boosting enabled;Temperature boost;Enable or disable temperature boosting;
coil 12;COIL_SNC;;1;;Summer night cooling;Summer night cooling (SNC) function enabled.;Summer night cooling;Enable or disable summer night cooling;
coil 13;Reserved;;;;;;;;
coil 14;Reserved;;;;;;;;
coil 15;Reserved;;;;;;;;
coil 16;Reserved;;;;;;;;
coil 17;Reserved;;;;;;;;
coil 18;COIL_AWAY_H;;1;;Heating;Heating enabled/disabled in AWAY mode;Heating;Supply air heating enabled or disabled in Away mode;
coil 19;COIL_AWAY_C;;1;;Cooling;Cooling enabled/disabled in AWAY mode;Cooling;Supply air cooling enabled or disabled in Away mode;
coil 20;Reserved;;;;;;;;
coil 21;Reserved;;;;;;;;
coil 22;Reserved;;;;;;;;
coil 23;Reserved;;;;;;;;
coil 24;Reserved;;;;;;;;
coil 25;Reserved;;;;;;;;
coil 26;Reserved;;;;;;;;
coil 27;Reserved;;;;;;;;
coil 28;Reserved;;;;;;;;
coil 29;Reserved;;;;;;;;
coil 30;COIL_LTO_ON;;1;;;Heat recycler state (running=1, stopped = 0);;Heat recycler state (running=1, stopped = 0);
coil 31;Reserved;;;;;;;;
coil 32;COIL_HEAT_ON;;1;;;After heater element state (On = 1, Off = 0);;Element status of after-heater (On = 1, Off = 0);
coil 33;Reserved;;;;;;;;
coil 34;Reserved;;;;;;;;
coil 35;Reserved;;;;;;;;
coil 36;COIL_TEMP_DECREASE;;1;;Decrease temperature;Temperature decrease function desc;Decrease temperature;Temperature decrease function desc;
coil 37;COIL_OVERTIME;;1;;Overtime;Programmatic equivalent of OVERTIME digital input.;Overtime; digital input.;
coil 38;Reserved;;1;;Emergency stop switch type;Emergency stop switch type desc;Emergency stop switch type;Emergency stop switch type desc.;
coil 39;Reserved;;;;;;;;
coil 40;COIL_ECO_MODE;;1;;Eco mode;Eco mode desc;Eco mode;Eco mode desc.;
coil 41;COIL_ALARM_A;;1;;Alarm A;Alarm of class A active desc;Alarm A;Alarm of class A active desc.;This will be 1, if a class A alarm is active
coil 42;COIL_ALARM_B;;1;;Alarm B;Alarm of class B active desc;Alarm B;Alarm of class B active desc.;This will be 1, if a class B alarm is active
coil 43;COIL_CLK_PROG;;1;;Clock program;A Clock program is currently active;Clock program;A clock program is currently active;
coil 44;Reserved;;;;;;;;
coil 45;Reserved;;;;;;;;
coil 46;Reserved;;;;;;;;
coil 47;COIL_SILENT_MODE;;1;;Silent mode;Silent mode desc;Silent mode settings;Enable or disable Silent mode;
coil 48;COIL_STOP_SLP_COOLING;;1;;Heater cool-off in STOP mode;Electrical heater cool-off function enabled when the machine has stopped.; mode; function enabled when the machine has stopped;
coil 49;COIL_SERVICE_EN;;1;;Service reminder;Service reminder enabled desc;Service reminder;Service reminder enabled;
coil 50;Reserved;;;;;;;;
coil 51;Reserved;;;;;;;;
coil 52;COIL_COOLING_EN;;1;;Cooling;Cooling function enabled;Cooling;Enable or disable active cooling of supply air (free cooling with heat recovery wheel always allowed when outside air temperature exceeds outside air temperature limit for cooling);
coil 53;COIL_LTO_EN;;1;;;Not used on MD.;;Not used on MD;
coil 54;COIL_HEATING_EN;;1;;Heating;Heating function enabled;Heating;Enable or diable active heating of supply air (heating with heat recovery wheel is allowed);
coil 55;COIL_LTO_DEFROST_EN;;1;;HRC defrosting;HRC defrosting function enabled during winter season;Defrosting;Enable or disable defrosting. Funktion is active during winterseason if enabled. Possible heatpump has got its own automatic defrost funktion.;
coil 56;Reserved;;;;;;;;
coil 57;Reserved;;;;;;;;
coil 58;Reserved;;;;;;;;
coil 59;Reserved;;;;;;;;
coil 60;Reserved;;;;;;;;
coil 61;Reserved;;;;;;;;
coil 62;Reserved;;;;;;;;
coil 63;Reserved;;;;;;;;
coil 64;Reserved;;;;;;;;
coil 65;Reserved;;;;;;;;
coil 66;Reserved;;;;;;;;
coil 67;Reserved;;;;;;;;
coil 68;Reserved;;;;;;;;
coil 69;Reserved;;;;;;;;
coil 70;Reserved;;;;;;;;
coil 71;Reserved;;;;;;;;
